MenuItem.java,edu.ucsb.cs156.pconrad.menuitem.MenuItem,org.pitest.mutationtest.engine.gregor.mutators.returns.EmptyObjectReturnValsMutator,getCategory,63,KILLED,edu.ucsb.cs156.pconrad.menuitem.MenuItemTest.[engine:junit-jupiter]/[class:edu.ucsb.cs156.pconrad.menuitem.MenuItemTest]/[method:test_getCategory()]
MenuItem.java,edu.ucsb.cs156.pconrad.menuitem.MenuItem,org.pitest.mutationtest.engine.gregor.mutators.returns.EmptyObjectReturnValsMutator,getName,59,KILLED,edu.ucsb.cs156.pconrad.menuitem.MenuItemTest.[engine:junit-jupiter]/[class:edu.ucsb.cs156.pconrad.menuitem.MenuItemTest]/[method:test_getName()]
MenuItem.java,edu.ucsb.cs156.pconrad.menuitem.MenuItem,org.pitest.mutationtest.engine.gregor.mutators.ConditionalsBoundaryMutator,getPrice,32,KILLED,edu.ucsb.cs156.pconrad.menuitem.MenuItemTest.[engine:junit-jupiter]/[class:edu.ucsb.cs156.pconrad.menuitem.MenuItemTest]/[method:test_getPrice_large()]
MenuItem.java,edu.ucsb.cs156.pconrad.menuitem.MenuItem,org.pitest.mutationtest.engine.gregor.mutators.MathMutator,getPrice,30,KILLED,edu.ucsb.cs156.pconrad.menuitem.MenuItemTest.[engine:junit-jupiter]/[class:edu.ucsb.cs156.pconrad.menuitem.MenuItemTest]/[method:test_getPrice_7()]
MenuItem.java,edu.ucsb.cs156.pconrad.menuitem.MenuItem,org.pitest.mutationtest.engine.gregor.mutators.MathMutator,getPrice,31,KILLED,edu.ucsb.cs156.pconrad.menuitem.MenuItemTest.[engine:junit-jupiter]/[class:edu.ucsb.cs156.pconrad.menuitem.MenuItemTest]/[method:test_getPrice_7()]
MenuItem.java,edu.ucsb.cs156.pconrad.menuitem.MenuItem,org.pitest.mutationtest.engine.gregor.mutators.NegateConditionalsMutator,getPrice,32,KILLED,edu.ucsb.cs156.pconrad.menuitem.MenuItemTest.[engine:junit-jupiter]/[class:edu.ucsb.cs156.pconrad.menuitem.MenuItemTest]/[method:test_getPrice_7()]
MenuItem.java,edu.ucsb.cs156.pconrad.menuitem.MenuItem,org.pitest.mutationtest.engine.gregor.mutators.returns.EmptyObjectReturnValsMutator,getPrice,33,KILLED,edu.ucsb.cs156.pconrad.menuitem.MenuItemTest.[engine:junit-jupiter]/[class:edu.ucsb.cs156.pconrad.menuitem.MenuItemTest]/[method:test_getPrice_large()]
MenuItem.java,edu.ucsb.cs156.pconrad.menuitem.MenuItem,org.pitest.mutationtest.engine.gregor.mutators.returns.EmptyObjectReturnValsMutator,getPrice,35,KILLED,edu.ucsb.cs156.pconrad.menuitem.MenuItemTest.[engine:junit-jupiter]/[class:edu.ucsb.cs156.pconrad.menuitem.MenuItemTest]/[method:test_getPrice_7()]
MenuItem.java,edu.ucsb.cs156.pconrad.menuitem.MenuItem,org.pitest.mutationtest.engine.gregor.mutators.ConditionalsBoundaryMutator,getPrice,52,KILLED,edu.ucsb.cs156.pconrad.menuitem.MenuItemTest.[engine:junit-jupiter]/[class:edu.ucsb.cs156.pconrad.menuitem.MenuItemTest]/[method:test_getPrice_6()]
MenuItem.java,edu.ucsb.cs156.pconrad.menuitem.MenuItem,org.pitest.mutationtest.engine.gregor.mutators.NegateConditionalsMutator,getPrice,52,KILLED,edu.ucsb.cs156.pconrad.menuitem.MenuItemTest.[engine:junit-jupiter]/[class:edu.ucsb.cs156.pconrad.menuitem.MenuItemTest]/[method:test_getPrice_7()]
MenuItem.java,edu.ucsb.cs156.pconrad.menuitem.MenuItem,org.pitest.mutationtest.engine.gregor.mutators.returns.EmptyObjectReturnValsMutator,getPrice,55,KILLED,edu.ucsb.cs156.pconrad.menuitem.MenuItemTest.[engine:junit-jupiter]/[class:edu.ucsb.cs156.pconrad.menuitem.MenuItemTest]/[method:test_getPrice_7()]
MenuItem.java,edu.ucsb.cs156.pconrad.menuitem.MenuItem,org.pitest.mutationtest.engine.gregor.mutators.returns.PrimitiveReturnsMutator,getPriceInCents,67,KILLED,edu.ucsb.cs156.pconrad.menuitem.MenuItemTest.[engine:junit-jupiter]/[class:edu.ucsb.cs156.pconrad.menuitem.MenuItemTest]/[method:test_getPriceInCents()]
MenuItem.java,edu.ucsb.cs156.pconrad.menuitem.MenuItem,org.pitest.mutationtest.engine.gregor.mutators.returns.EmptyObjectReturnValsMutator,toString,79,KILLED,edu.ucsb.cs156.pconrad.menuitem.MenuItemTest.[engine:junit-jupiter]/[class:edu.ucsb.cs156.pconrad.menuitem.MenuItemTest]/[method:test_toString()]
