MenuItem.java,edu.ucsb.cs156.pconrad.menuitem.MenuItem,org.pitest.mutationtest.engine.gregor.mutators.returns.EmptyObjectReturnValsMutator,getCategory,56,KILLED,edu.ucsb.cs156.pconrad.menuitem.MenuItemTest.[engine:junit-jupiter]/[class:edu.ucsb.cs156.pconrad.menuitem.MenuItemTest]/[method:test_getCategory()]
MenuItem.java,edu.ucsb.cs156.pconrad.menuitem.MenuItem,org.pitest.mutationtest.engine.gregor.mutators.returns.EmptyObjectReturnValsMutator,getName,52,KILLED,edu.ucsb.cs156.pconrad.menuitem.MenuItemTest.[engine:junit-jupiter]/[class:edu.ucsb.cs156.pconrad.menuitem.MenuItemTest]/[method:test_getName()]
MenuItem.java,edu.ucsb.cs156.pconrad.menuitem.MenuItem,org.pitest.mutationtest.engine.gregor.mutators.MathMutator,getPrice,30,KILLED,edu.ucsb.cs156.pconrad.menuitem.MenuItemTest.[engine:junit-jupiter]/[class:edu.ucsb.cs156.pconrad.menuitem.MenuItemTest]/[method:test_getPrice()]
MenuItem.java,edu.ucsb.cs156.pconrad.menuitem.MenuItem,org.pitest.mutationtest.engine.gregor.mutators.MathMutator,getPrice,30,KILLED,edu.ucsb.cs156.pconrad.menuitem.MenuItemTest.[engine:junit-jupiter]/[class:edu.ucsb.cs156.pconrad.menuitem.MenuItemTest]/[method:test_getPrice()]
MenuItem.java,edu.ucsb.cs156.pconrad.menuitem.MenuItem,org.pitest.mutationtest.engine.gregor.mutators.returns.EmptyObjectReturnValsMutator,getPrice,30,KILLED,edu.ucsb.cs156.pconrad.menuitem.MenuItemTest.[engine:junit-jupiter]/[class:edu.ucsb.cs156.pconrad.menuitem.MenuItemTest]/[method:test_getPrice()]
MenuItem.java,edu.ucsb.cs156.pconrad.menuitem.MenuItem,org.pitest.mutationtest.engine.gregor.mutators.ConditionalsBoundaryMutator,getPrice,45,KILLED,edu.ucsb.cs156.pconrad.menuitem.MenuItemTest.[engine:junit-jupiter]/[class:edu.ucsb.cs156.pconrad.menuitem.MenuItemTest]/[method:test_getPrice_6()]
MenuItem.java,edu.ucsb.cs156.pconrad.menuitem.MenuItem,org.pitest.mutationtest.engine.gregor.mutators.NegateConditionalsMutator,getPrice,45,KILLED,edu.ucsb.cs156.pconrad.menuitem.MenuItemTest.[engine:junit-jupiter]/[class:edu.ucsb.cs156.pconrad.menuitem.MenuItemTest]/[method:test_getPrice_5()]
MenuItem.java,edu.ucsb.cs156.pconrad.menuitem.MenuItem,org.pitest.mutationtest.engine.gregor.mutators.returns.EmptyObjectReturnValsMutator,getPrice,48,KILLED,edu.ucsb.cs156.pconrad.menuitem.MenuItemTest.[engine:junit-jupiter]/[class:edu.ucsb.cs156.pconrad.menuitem.MenuItemTest]/[method:test_getPrice_6()]
MenuItem.java,edu.ucsb.cs156.pconrad.menuitem.MenuItem,org.pitest.mutationtest.engine.gregor.mutators.returns.PrimitiveReturnsMutator,getPriceInCents,60,KILLED,edu.ucsb.cs156.pconrad.menuitem.MenuItemTest.[engine:junit-jupiter]/[class:edu.ucsb.cs156.pconrad.menuitem.MenuItemTest]/[method:test_getPriceInCents()]
MenuItem.java,edu.ucsb.cs156.pconrad.menuitem.MenuItem,org.pitest.mutationtest.engine.gregor.mutators.returns.EmptyObjectReturnValsMutator,toString,72,KILLED,edu.ucsb.cs156.pconrad.menuitem.MenuItemTest.[engine:junit-jupiter]/[class:edu.ucsb.cs156.pconrad.menuitem.MenuItemTest]/[method:test_toString()]
